﻿<?xml version="1.0" encoding="utf-8"?>
<movie_data>
  <title>movie data</title>
  <movie id="1">
    <sean_channel>
      <name>Dr No</name>
      <start_time>9:30am</start_time>
      <end_time>11:00am</end_time>
    </sean_channel>
  </movie>
  <movie id="2">
    <roger_channel>
      <name>Moonraker</name>
      <start_time>9:00am</start_time>
      <end_time>11:30am</end_time>
    </roger_channel>
  </movie>
  <movie id="3">
    <sean_channel>
      <name>Never Say Never Again</name>
      <start_time>1:00pm</start_time>
      <end_time>3:00pm</end_time>
    </sean_channel>
  </movie>
  <movie id="4">
    <pierce_channel>
      <name>GoldFinger</name>
      <start_time>11:00am</start_time>
      <end_time>1:00pm</end_time>
    </pierce_channel>
  </movie>
  <movie id="5">
    <timothy_channel>
      <name>The Living Daylight</name>
      <start_time>9:00am</start_time>
      <end_time>11:00am</end_time>
    </timothy_channel>
  </movie>
  <movie id="6">
    <daniel_channel>
      <name>Casino Royale</name>
      <start_time>9:00am</start_time>
      <end_time>11:00am</end_time>
    </daniel_channel>
  </movie>
  <movie id="7">
    <daniel_channel>
      <name>Skyfall</name>
      <start_time>11:00am</start_time>
      <end_time>1:00pm</end_time>
    </daniel_channel>
  </movie>
  <movie id="8">
    <george_channel>
      <name>OHMS</name>
      <start_time>9:00am</start_time>
      <end_time>11:00am</end_time>
    </george_channel>
  </movie>
  <movie id="9">
    <george_channel>
      <name>The Game of Death</name>
      <start_time>11:00am</start_time>
      <end_time>1:30pm</end_time>
    </george_channel>
  </movie>
  <movie id="10">
    <sean_channel>
      <name>ThunderBall</name>
      <start_time>11:00am</start_time>
      <end_time>1:00pm</end_time>
    </sean_channel>
  </movie>
  <movie id="11">
    <pierce_channel>
      <name>Tomorrow Never Dies</name>
      <start_time>11:00am</start_time>
      <end_time>1:0pm</end_time>
    </pierce_channel>
  </movie>
  <movie id="12">
    <pierce_channel>
      <name>Tomorrow Never Dies</name>
      <start_time>1:00pm</start_time>
      <end_time>3:00pm</end_time>
    </pierce_channel>
  </movie>
  <movie id="13">
    <pierce_channel>
      <name>Gold Finger</name>
      <start_time>3:00pm</start_time>
      <end_time>4:30pm</end_time>
    </pierce_channel>
  </movie>
  <movie id="14">
    <daniel_channel>
      <name>Skyfall</name>
      <start_time>1:00pm</start_time>
      <end_time>3:00pm</end_time>
    </daniel_channel>
  </movie>
</movie_data>
