﻿<?xml version="1.0" encoding="utf-8"?>
<movie_data>
  <title>movie data</title>
  <movie id="1">
    <sean_channel>
      <name>Dr No</name>
      <start_time>9:30am</start_time>
      <end_time>11:00am</end_time>
    </sean_channel>
  </movie>
  <movie id="2">
    <roger_channel>
      <name>Moonraker</name>
      <start_time>9:00am</start_time>
      <end_time>11:30am</end_time>
    </roger_channel>
  </movie>
  <movie id="3">
    <sean_channel>
      <name>ThunderBall</name>
      <start_time>11:00am</start_time>
      <end_time>3:00pm</end_time>
    </sean_channel>
  </movie>


</movie_data>